benchmark_name,cell_index,try_number,category,prompt_tokens,response_tokens,total_tokens
student-performance-in-exams,0,0,manager_decision,534,37,571
student-performance-in-exams,0,0,new_code_call,628,5006,5634
student-performance-in-exams,0,1,manager_decision,751,44,795
student-performance-in-exams,0,1,new_code_call,628,2296,2924
student-performance-in-exams,0,2,manager_decision,782,68,850
student-performance-in-exams,1,0,manager_decision,503,51,554
student-performance-in-exams,1,0,new_code_call,597,319,916
student-performance-in-exams,2,0,manager_decision,472,25,497
student-performance-in-exams,3,0,manager_decision,472,35,507
student-performance-in-exams,4,0,manager_decision,503,28,531
student-performance-in-exams,5,0,manager_decision,607,51,658
student-performance-in-exams,5,0,new_code_call,701,2319,3020
student-performance-in-exams,5,1,manager_decision,883,75,958
student-performance-in-exams,5,1,optimizer_call,749,4464,5213
student-performance-in-exams,5,2,manager_decision,902,56,958
student-performance-in-exams,5,2,optimizer_call,768,2468,3236
student-performance-in-exams,5,3,manager_decision,877,64,941
student-performance-in-exams,5,3,optimizer_call,743,4026,4769
student-performance-in-exams,5,4,manager_decision,880,76,956
student-performance-in-exams,6,0,manager_decision,608,32,640
student-performance-in-exams,6,0,new_code_call,702,3539,4241
student-performance-in-exams,6,1,manager_decision,856,42,898
student-performance-in-exams,6,1,optimizer_call,721,2312,3033
student-performance-in-exams,6,2,manager_decision,905,42,947
student-performance-in-exams,6,2,optimizer_call,770,5863,6633
student-performance-in-exams,6,3,manager_decision,884,53,937
student-performance-in-exams,6,3,optimizer_call,749,3976,4725
student-performance-in-exams,6,4,manager_decision,910,58,968
student-performance-in-exams,7,0,manager_decision,608,51,659
student-performance-in-exams,7,0,new_code_call,702,1253,1955
student-performance-in-exams,7,1,manager_decision,856,41,897
student-performance-in-exams,7,1,optimizer_call,721,2984,3705
student-performance-in-exams,7,2,manager_decision,840,31,871
student-performance-in-exams,7,2,optimizer_call,705,4592,5297
student-performance-in-exams,7,3,manager_decision,902,40,942
student-performance-in-exams,7,3,optimizer_call,767,1005,1772
student-performance-in-exams,7,4,manager_decision,960,54,1014
student-performance-in-exams,7,4,new_code_call,702,2417,3119
student-performance-in-exams,8,0,manager_decision,602,43,645
student-performance-in-exams,8,0,new_code_call,696,1734,2430
student-performance-in-exams,8,1,manager_decision,928,44,972
student-performance-in-exams,8,1,optimizer_call,798,2714,3512
student-performance-in-exams,8,2,manager_decision,878,68,946
student-performance-in-exams,8,2,optimizer_call,748,2909,3657
student-performance-in-exams,8,3,manager_decision,871,54,925
student-performance-in-exams,8,3,optimizer_call,741,3336,4077
student-performance-in-exams,9,0,manager_decision,539,56,595
student-performance-in-exams,9,0,new_code_call,633,1060,1693
student-performance-in-exams,9,1,manager_decision,734,47,781
student-performance-in-exams,9,1,optimizer_call,668,2615,3283
student-performance-in-exams,9,2,manager_decision,728,54,782
student-performance-in-exams,9,2,optimizer_call,662,1142,1804
student-performance-in-exams,9,3,manager_decision,725,42,767
student-performance-in-exams,9,3,new_code_call,633,1129,1762
student-performance-in-exams,9,4,manager_decision,699,52,751
student-performance-in-exams,10,0,manager_decision,665,38,703
student-performance-in-exams,10,0,new_code_call,759,2560,3319
student-performance-in-exams,10,1,manager_decision,1027,45,1072
student-performance-in-exams,10,1,optimizer_call,832,3995,4827
student-performance-in-exams,10,2,manager_decision,1165,46,1211
student-performance-in-exams,10,2,repair_call,1133,2388,3521
student-performance-in-exams,10,3,manager_decision,981,61,1042
